Start Time (UTC);Stop Time (UTC);Duration (s);Occ Body;Type;Event Number;Total Duration (s)
22 Apr 2026 15:03:39.700;22 Apr 2026 15:03:48.782;9.0823124978;Earth;Penumbra;1;2084.0255203
22 Apr 2026 15:03:48.782;22 Apr 2026 15:38:14.601;2065.8189674;Earth;Umbra;1;2084.0255203
22 Apr 2026 15:38:14.601;22 Apr 2026 15:38:23.726;9.1242404538;Earth;Penumbra;1;2084.0255203
22 Apr 2026 16:40:16.972;22 Apr 2026 16:40:26.053;9.0815876727;Earth;Penumbra;2;2084.0702621
22 Apr 2026 16:40:26.053;22 Apr 2026 17:14:51.918;2065.8648228;Earth;Umbra;2;2084.0702621
22 Apr 2026 17:14:51.918;22 Apr 2026 17:15:01.042;9.1238516383;Earth;Penumbra;2;2084.0702621
22 Apr 2026 18:16:54.251;22 Apr 2026 18:17:03.332;9.0809439425;Earth;Penumbra;3;2084.1247620
22 Apr 2026 18:17:03.332;22 Apr 2026 18:51:29.252;2065.9202219;Earth;Umbra;3;2084.1247620
22 Apr 2026 18:51:29.252;22 Apr 2026 18:51:38.376;9.1235960950;Earth;Penumbra;3;2084.1247620
22 Apr 2026 19:53:31.522;22 Apr 2026 19:53:40.602;9.0804224834;Earth;Penumbra;4;2084.1767598
22 Apr 2026 19:53:40.602;22 Apr 2026 20:28:06.576;2065.9732659;Earth;Umbra;4;2084.1767598
22 Apr 2026 20:28:06.576;22 Apr 2026 20:28:15.699;9.1230714926;Earth;Penumbra;4;2084.1767598
22 Apr 2026 21:30:08.767;22 Apr 2026 21:30:17.846;9.0798340738;Earth;Penumbra;5;2084.2106522
22 Apr 2026 21:30:17.846;22 Apr 2026 22:04:43.855;2066.0086688;Earth;Umbra;5;2084.2106522
22 Apr 2026 22:04:43.855;22 Apr 2026 22:04:52.977;9.1221492738;Earth;Penumbra;5;2084.2106522
22 Apr 2026 23:06:45.970;22 Apr 2026 23:06:55.049;9.0789363720;Earth;Penumbra;6;2084.2283786
22 Apr 2026 23:06:55.049;22 Apr 2026 23:41:21.077;2066.0283812;Earth;Umbra;6;2084.2283786
22 Apr 2026 23:41:21.077;22 Apr 2026 23:41:30.198;9.1210610932;Earth;Penumbra;6;2084.2283786
23 Apr 2026 00:43:23.132;23 Apr 2026 00:43:32.209;9.0777843841;Earth;Penumbra;7;2084.2475956
23 Apr 2026 00:43:32.209;23 Apr 2026 01:17:58.259;2066.0496981;Earth;Umbra;7;2084.2475956
23 Apr 2026 01:17:58.259;23 Apr 2026 01:18:07.379;9.1201130999;Earth;Penumbra;7;2084.2475956
23 Apr 2026 02:20:09.388;23 Apr 2026 02:54:35.469;2066.0812227;Earth;Umbra;8;2075.2006037
23 Apr 2026 02:54:35.469;23 Apr 2026 02:54:44.588;9.1193810455;Earth;Penumbra;8;2075.2006037
23 Apr 2026 03:56:37.592;23 Apr 2026 03:56:46.668;9.0759383747;Earth;Penumbra;9;2084.3091001
23 Apr 2026 03:56:46.668;23 Apr 2026 04:31:12.783;2066.1144901;Earth;Umbra;9;2084.3091001
23 Apr 2026 04:31:12.783;23 Apr 2026 04:31:21.902;9.1186716221;Earth;Penumbra;9;2084.3091001
23 Apr 2026 05:33:14.957;23 Apr 2026 05:33:24.032;9.0752157499;Earth;Penumbra;10;2075.2168394
23 Apr 2026 05:33:24.032;23 Apr 2026 06:07:50.173;2066.1416236;Earth;Umbra;10;2075.2168394
23 Apr 2026 07:09:52.264;23 Apr 2026 07:10:01.339;9.0742894448;Earth;Penumbra;11;2084.3582191
23 Apr 2026 07:10:01.339;23 Apr 2026 07:44:27.506;2066.1671003;Earth;Umbra;11;2084.3582191
23 Apr 2026 07:44:27.506;23 Apr 2026 07:44:36.623;9.1168293846;Earth;Penumbra;11;2084.3582191
23 Apr 2026 08:46:29.428;23 Apr 2026 08:46:38.501;9.0732116369;Earth;Penumbra;12;2084.3874595
23 Apr 2026 08:46:38.501;23 Apr 2026 09:21:04.699;2066.1982005;Earth;Umbra;12;2084.3874595
23 Apr 2026 09:21:04.699;23 Apr 2026 09:21:13.815;9.1160473530;Earth;Penumbra;12;2084.3874595
23 Apr 2026 10:23:06.516;23 Apr 2026 10:23:15.588;9.0722271823;Earth;Penumbra;13;2084.4225095
23 Apr 2026 10:23:15.588;23 Apr 2026 10:57:41.823;2066.2348425;Earth;Umbra;13;2084.4225095
23 Apr 2026 10:57:41.823;23 Apr 2026 10:57:50.939;9.1154397698;Earth;Penumbra;13;2084.4225095
23 Apr 2026 11:59:43.644;23 Apr 2026 11:59:52.715;9.0714492369;Earth;Penumbra;14;2084.4585851
23 Apr 2026 11:59:52.715;23 Apr 2026 12:34:18.988;2066.2723907;Earth;Umbra;14;2084.4585851
23 Apr 2026 12:34:18.988;23 Apr 2026 12:34:28.102;9.1147451196;Earth;Penumbra;14;2084.4585851
23 Apr 2026 13:36:29.906;23 Apr 2026 14:10:56.214;2066.3084280;Earth;Umbra;15;2075.4223326
23 Apr 2026 14:10:56.214;23 Apr 2026 14:11:05.328;9.1139046242;Earth;Penumbra;15;2075.4223326
23 Apr 2026 15:12:58.056;23 Apr 2026 15:13:07.126;9.0700816247;Earth;Penumbra;16;2084.5294322
23 Apr 2026 15:13:07.126;23 Apr 2026 15:47:33.472;2066.3461378;Earth;Umbra;16;2084.5294322
23 Apr 2026 15:47:33.472;23 Apr 2026 15:47:42.585;9.1132128029;Earth;Penumbra;16;2084.5294322
23 Apr 2026 16:49:35.290;23 Apr 2026 16:49:44.359;9.0693671722;Earth;Penumbra;17;2075.4617589
23 Apr 2026 16:49:44.359;23 Apr 2026 17:24:10.751;2066.3923917;Earth;Umbra;17;2075.4617589
23 Apr 2026 18:26:12.531;23 Apr 2026 18:26:21.600;9.0687451302;Earth;Penumbra;18;2084.6290362
23 Apr 2026 18:26:21.600;23 Apr 2026 19:00:48.047;2066.4476834;Earth;Umbra;18;2084.6290362
23 Apr 2026 19:00:48.047;23 Apr 2026 19:00:57.160;9.1126077343;Earth;Penumbra;18;2084.6290362
23 Apr 2026 20:02:49.762;23 Apr 2026 20:02:58.830;9.0682359296;Earth;Penumbra;19;2084.6790347
23 Apr 2026 20:02:58.830;23 Apr 2026 20:37:25.329;2066.4987446;Earth;Umbra;19;2084.6790347
23 Apr 2026 20:37:25.329;23 Apr 2026 20:37:34.441;9.1120542143;Earth;Penumbra;19;2084.6790347
23 Apr 2026 21:39:26.965;23 Apr 2026 21:39:36.033;9.0676321182;Earth;Penumbra;20;2084.7099542
23 Apr 2026 21:39:36.033;23 Apr 2026 22:14:02.564;2066.5312108;Earth;Umbra;20;2084.7099542
23 Apr 2026 22:14:02.564;23 Apr 2026 22:14:11.675;9.1111112502;Earth;Penumbra;20;2084.7099542
23 Apr 2026 23:16:04.126;23 Apr 2026 23:16:13.192;9.0667061275;Earth;Penumbra;21;2084.7260735
23 Apr 2026 23:16:13.192;23 Apr 2026 23:50:39.742;2066.5493324;Earth;Umbra;21;2084.7260735
23 Apr 2026 23:50:39.742;23 Apr 2026 23:50:48.852;9.1100350139;Earth;Penumbra;21;2084.7260735
24 Apr 2026 00:52:41.247;24 Apr 2026 00:52:50.313;9.0655553970;Earth;Penumbra;22;2084.7454766
24 Apr 2026 00:52:50.313;24 Apr 2026 01:27:16.883;2066.5708015;Earth;Umbra;22;2084.7454766
24 Apr 2026 01:27:16.883;24 Apr 2026 01:27:25.992;9.1091197100;Earth;Penumbra;22;2084.7454766
24 Apr 2026 02:29:18.394;24 Apr 2026 02:29:27.459;9.0645294520;Earth;Penumbra;23;2084.7753110
24 Apr 2026 02:29:27.459;24 Apr 2026 03:03:54.061;2066.6023688;Earth;Umbra;23;2084.7753110
24 Apr 2026 03:03:54.061;24 Apr 2026 03:04:03.170;9.1084128013;Earth;Penumbra;23;2084.7753110
24 Apr 2026 04:05:55.648;24 Apr 2026 04:06:04.712;9.0637697373;Earth;Penumbra;24;2084.8059599
24 Apr 2026 04:06:04.712;24 Apr 2026 04:40:31.346;2066.6344896;Earth;Umbra;24;2084.8059599
24 Apr 2026 04:40:31.346;24 Apr 2026 04:40:40.454;9.1077005491;Earth;Penumbra;24;2084.8059599
24 Apr 2026 05:42:32.975;24 Apr 2026 05:42:42.038;9.0630395687;Earth;Penumbra;25;2084.8300913
24 Apr 2026 05:42:42.038;24 Apr 2026 06:17:08.698;2066.6602410;Earth;Umbra;25;2084.8300913
24 Apr 2026 06:17:08.698;24 Apr 2026 06:17:17.805;9.1068107053;Earth;Penumbra;25;2084.8300913
24 Apr 2026 07:19:19.295;24 Apr 2026 07:53:45.980;2066.6851252;Earth;Umbra;26;2075.7909942
24 Apr 2026 07:53:45.980;24 Apr 2026 07:53:55.086;9.1058689984;Earth;Penumbra;26;2075.7909942
24 Apr 2026 08:55:47.346;24 Apr 2026 08:55:56.407;9.0610301122;Earth;Penumbra;27;2084.8822821
24 Apr 2026 08:55:56.407;24 Apr 2026 09:30:23.123;2066.7161292;Earth;Umbra;27;2084.8822821
24 Apr 2026 09:30:23.123;24 Apr 2026 09:30:32.228;9.1051227995;Earth;Penumbra;27;2084.8822821
24 Apr 2026 10:32:24.396;24 Apr 2026 10:32:33.456;9.0600745752;Earth;Penumbra;28;2075.8124689
24 Apr 2026 10:32:33.456;24 Apr 2026 11:07:00.208;2066.7523944;Earth;Umbra;28;2075.8124689
24 Apr 2026 12:09:01.492;24 Apr 2026 12:09:10.551;9.0593205183;Earth;Penumbra;29;2084.9521828
24 Apr 2026 12:09:10.551;24 Apr 2026 12:43:37.340;2066.7890313;Earth;Umbra;29;2084.9521828
24 Apr 2026 12:43:37.340;24 Apr 2026 12:43:46.444;9.1038309387;Earth;Penumbra;29;2084.9521828
24 Apr 2026 13:45:38.648;24 Apr 2026 13:45:47.707;9.0586563572;Earth;Penumbra;30;2084.9857291
24 Apr 2026 13:45:47.707;24 Apr 2026 14:20:14.531;2066.8240741;Earth;Umbra;30;2084.9857291
24 Apr 2026 14:20:14.531;24 Apr 2026 14:20:23.634;9.1029986157;Earth;Penumbra;30;2084.9857291
24 Apr 2026 15:22:15.832;24 Apr 2026 15:22:24.890;9.0579629643;Earth;Penumbra;31;2085.0218088
24 Apr 2026 15:22:24.890;24 Apr 2026 15:56:51.752;2066.8614994;Earth;Umbra;31;2085.0218088
24 Apr 2026 15:56:51.752;24 Apr 2026 15:57:00.854;9.1023463989;Earth;Penumbra;31;2085.0218088
24 Apr 2026 16:58:53.029;24 Apr 2026 16:59:02.087;9.0572607704;Earth;Penumbra;32;2085.0674982
24 Apr 2026 16:59:02.087;24 Apr 2026 17:33:28.995;2066.9082047;Earth;Umbra;32;2085.0674982
24 Apr 2026 17:33:28.995;24 Apr 2026 17:33:38.097;9.1020327061;Earth;Penumbra;32;2085.0674982
24 Apr 2026 18:35:39.289;24 Apr 2026 19:10:06.252;2066.9632446;Earth;Umbra;33;2076.0650205
24 Apr 2026 19:10:06.252;24 Apr 2026 19:10:15.354;9.1017759056;Earth;Penumbra;33;2076.0650205
24 Apr 2026 20:12:07.424;24 Apr 2026 20:12:16.480;9.0561615885;Earth;Penumbra;34;2085.1695011
24 Apr 2026 20:12:16.480;24 Apr 2026 20:46:43.492;2067.0121473;Earth;Umbra;34;2085.1695011
24 Apr 2026 20:46:43.492;24 Apr 2026 20:46:52.593;9.1011922108;Earth;Penumbra;34;2085.1695011
24 Apr 2026 21:48:44.585;24 Apr 2026 21:48:53.641;9.0555382892;Earth;Penumbra;35;2076.0972652
24 Apr 2026 21:48:53.641;24 Apr 2026 22:23:20.683;2067.0417269;Earth;Umbra;35;2076.0972652
24 Apr 2026 23:25:21.703;24 Apr 2026 23:25:30.758;9.0545874671;Earth;Penumbra;36;2085.2122460
24 Apr 2026 23:25:30.758;24 Apr 2026 23:59:57.816;2067.0584865;Earth;Umbra;36;2085.2122460
24 Apr 2026 23:59:57.816;25 Apr 2026 00:00:06.915;9.0991720674;Earth;Penumbra;36;2085.2122460
25 Apr 2026 01:01:58.785;25 Apr 2026 01:02:07.838;9.0534433373;Earth;Penumbra;37;2085.2319543
25 Apr 2026 01:02:07.838;25 Apr 2026 01:36:34.918;2067.0802202;Earth;Umbra;37;2085.2319543
25 Apr 2026 01:36:34.918;25 Apr 2026 01:36:44.017;9.0982907102;Earth;Penumbra;37;2085.2319543
25 Apr 2026 02:38:35.901;25 Apr 2026 02:38:44.953;9.0524519677;Earth;Penumbra;38;2085.2617981
25 Apr 2026 02:38:44.953;25 Apr 2026 03:13:12.065;2067.1117413;Earth;Umbra;38;2085.2617981
25 Apr 2026 03:13:12.065;25 Apr 2026 03:13:21.163;9.0976048610;Earth;Penumbra;38;2085.2617981
25 Apr 2026 04:15:13.127;25 Apr 2026 04:15:22.178;9.0517155128;Earth;Penumbra;39;2085.2912369
25 Apr 2026 04:15:22.178;25 Apr 2026 04:49:49.321;2067.1426306;Earth;Umbra;39;2085.2912369
25 Apr 2026 04:49:49.321;25 Apr 2026 04:49:58.418;9.0968907229;Earth;Penumbra;39;2085.2912369
25 Apr 2026 05:51:59.467;25 Apr 2026 06:26:26.634;2067.1670569;Earth;Umbra;40;2076.2630518
25 Apr 2026 06:26:26.634;25 Apr 2026 06:26:35.730;9.0959949070;Earth;Penumbra;40;2076.2630518
25 Apr 2026 07:28:27.622;25 Apr 2026 07:28:36.672;9.0500250924;Earth;Penumbra;41;2085.3365510
25 Apr 2026 07:28:36.672;25 Apr 2026 08:03:03.864;2067.1914513;Earth;Umbra;41;2085.3365510
25 Apr 2026 08:03:03.864;25 Apr 2026 08:03:12.959;9.0950745740;Earth;Penumbra;41;2085.3365510
25 Apr 2026 09:05:04.686;25 Apr 2026 09:05:13.735;9.0489683440;Earth;Penumbra;42;2085.3657257
25 Apr 2026 09:05:13.735;25 Apr 2026 09:39:40.958;2067.2223931;Earth;Umbra;42;2085.3657257
25 Apr 2026 09:39:40.958;25 Apr 2026 09:39:50.052;9.0943642077;Earth;Penumbra;42;2085.3657257
25 Apr 2026 10:41:41.699;25 Apr 2026 10:41:50.747;9.0480423532;Earth;Penumbra;43;2085.4000706
25 Apr 2026 10:41:50.747;25 Apr 2026 11:16:18.005;2067.2582402;Earth;Umbra;43;2085.4000706
25 Apr 2026 11:16:18.005;25 Apr 2026 11:16:27.099;9.0937880566;Earth;Penumbra;43;2085.4000706
25 Apr 2026 12:18:18.763;25 Apr 2026 12:18:27.810;9.0473106131;Earth;Penumbra;44;2085.4343203
25 Apr 2026 12:18:27.810;25 Apr 2026 12:52:55.104;2067.2939302;Earth;Umbra;44;2085.4343203
25 Apr 2026 12:52:55.104;25 Apr 2026 12:53:04.197;9.0930795763;Earth;Penumbra;44;2085.4343203
25 Apr 2026 13:54:55.885;25 Apr 2026 13:55:04.932;9.0466539958;Earth;Penumbra;45;2085.4669422
25 Apr 2026 13:55:04.932;25 Apr 2026 14:29:32.260;2067.3280293;Earth;Umbra;45;2085.4669422
25 Apr 2026 14:29:32.260;25 Apr 2026 14:29:41.352;9.0922588832;Earth;Penumbra;45;2085.4669422
25 Apr 2026 15:31:33.033;25 Apr 2026 15:31:42.079;9.0459631174;Earth;Penumbra;46;2085.5029084
25 Apr 2026 15:31:42.079;25 Apr 2026 16:06:09.444;2067.3652962;Earth;Umbra;46;2085.5029084
25 Apr 2026 16:06:09.444;25 Apr 2026 16:06:18.536;9.0916490997;Earth;Penumbra;46;2085.5029084
25 Apr 2026 17:08:19.238;25 Apr 2026 17:42:46.650;2067.4124878;Earth;Umbra;47;2076.5038581
25 Apr 2026 17:42:46.650;25 Apr 2026 17:42:55.742;9.0913702967;Earth;Penumbra;47;2076.5038581
25 Apr 2026 18:44:47.357;25 Apr 2026 18:44:56.402;9.0446986025;Earth;Penumbra;48;2085.6029220
25 Apr 2026 18:44:56.402;25 Apr 2026 19:19:23.869;2067.4671162;Earth;Umbra;48;2085.6029220
25 Apr 2026 19:19:23.869;25 Apr 2026 19:19:32.960;9.0911072097;Earth;Penumbra;48;2085.6029220
25 Apr 2026 20:21:24.508;25 Apr 2026 20:21:33.553;9.0442060609;Earth;Penumbra;49;2085.6483965
25 Apr 2026 20:21:33.553;25 Apr 2026 20:56:01.066;2067.5136971;Earth;Umbra;49;2085.6483965
25 Apr 2026 20:56:01.066;25 Apr 2026 20:56:10.157;9.0904933400;Earth;Penumbra;49;2085.6483965
25 Apr 2026 21:58:01.629;25 Apr 2026 21:58:10.672;9.0435639024;Earth;Penumbra;50;2085.6735513
25 Apr 2026 21:58:10.672;25 Apr 2026 22:32:38.213;2067.5404678;Earth;Umbra;50;2085.6735513
25 Apr 2026 22:32:38.213;25 Apr 2026 22:32:47.302;9.0895195724;Earth;Penumbra;50;2085.6735513
25 Apr 2026 23:34:38.704;25 Apr 2026 23:34:47.746;9.0425907634;Earth;Penumbra;51;2085.6871677
25 Apr 2026 23:34:47.746;26 Apr 2026 00:09:15.303;2067.5560981;Earth;Umbra;51;2085.6871677
26 Apr 2026 00:09:15.303;26 Apr 2026 00:09:24.391;9.0884788544;Earth;Penumbra;51;2085.6871677
26 Apr 2026 01:11:15.747;26 Apr 2026 01:11:24.788;9.0414554346;Earth;Penumbra;52;2085.7072736
26 Apr 2026 01:11:24.788;26 Apr 2026 01:45:52.366;2067.5781854;Earth;Umbra;52;2085.7072736
26 Apr 2026 01:45:52.366;26 Apr 2026 01:46:01.454;9.0876327013;Earth;Penumbra;52;2085.7072736
26 Apr 2026 02:47:52.832;26 Apr 2026 02:48:01.873;9.0404992690;Earth;Penumbra;53;2085.7370263
26 Apr 2026 02:48:01.873;26 Apr 2026 03:22:29.482;2067.6095591;Earth;Umbra;53;2085.7370263
26 Apr 2026 03:22:29.482;26 Apr 2026 03:22:38.569;9.0869679116;Earth;Penumbra;53;2085.7370263
26 Apr 2026 04:24:39.070;26 Apr 2026 04:59:06.709;2067.6391477;Earth;Umbra;54;2076.7253955
26 Apr 2026 04:59:06.709;26 Apr 2026 04:59:15.795;9.0862478013;Earth;Penumbra;54;2076.7253955
26 Apr 2026 06:01:07.280;26 Apr 2026 06:01:16.319;9.0390376747;Earth;Penumbra;55;2085.7867038
26 Apr 2026 06:01:16.319;26 Apr 2026 06:35:43.981;2067.6623167;Earth;Umbra;55;2085.7867038
26 Apr 2026 06:35:43.981;26 Apr 2026 06:35:53.066;9.0853494708;Earth;Penumbra;55;2085.7867038
26 Apr 2026 07:37:44.435;26 Apr 2026 07:37:53.473;9.0380752226;Earth;Penumbra;56;2085.8088531
26 Apr 2026 07:37:53.473;26 Apr 2026 08:12:21.160;2067.6863236;Earth;Umbra;56;2085.8088531
26 Apr 2026 08:12:21.160;26 Apr 2026 08:12:30.244;9.0844542836;Earth;Penumbra;56;2085.8088531
26 Apr 2026 09:14:21.451;26 Apr 2026 09:14:30.488;9.0370319900;Earth;Penumbra;57;2085.8380385
26 Apr 2026 09:14:30.488;26 Apr 2026 09:48:58.206;2067.7172271;Earth;Umbra;57;2085.8380385
26 Apr 2026 09:48:58.206;26 Apr 2026 09:49:07.289;9.0837794356;Earth;Penumbra;57;2085.8380385
26 Apr 2026 10:50:58.427;26 Apr 2026 10:51:07.464;9.0361380600;Earth;Penumbra;58;2085.8719638
26 Apr 2026 10:51:07.464;26 Apr 2026 11:25:35.216;2067.7526112;Earth;Umbra;58;2085.8719638
26 Apr 2026 11:25:35.216;26 Apr 2026 11:25:44.299;9.0832146001;Earth;Penumbra;58;2085.8719638
26 Apr 2026 12:27:35.460;26 Apr 2026 12:27:44.495;9.0354286367;Earth;Penumbra;59;2085.9052498
26 Apr 2026 12:27:44.495;26 Apr 2026 13:02:12.282;2067.7873207;Earth;Umbra;59;2085.9052498
26 Apr 2026 13:02:12.282;26 Apr 2026 13:02:21.365;9.0825004620;Earth;Penumbra;59;2085.9052498
26 Apr 2026 14:04:12.548;26 Apr 2026 14:04:21.583;9.0347764199;Earth;Penumbra;60;2085.9370123
26 Apr 2026 14:04:21.583;26 Apr 2026 14:38:49.403;2067.8205410;Earth;Umbra;60;2085.9370123
26 Apr 2026 14:38:49.403;26 Apr 2026 14:38:58.485;9.0816948563;Earth;Penumbra;60;2085.9370123
26 Apr 2026 15:40:49.658;26 Apr 2026 15:40:58.692;9.0340905706;Earth;Penumbra;61;2085.9729968
26 Apr 2026 15:40:58.692;26 Apr 2026 16:15:26.550;2067.8577771;Earth;Umbra;61;2085.9729968
26 Apr 2026 16:15:26.550;26 Apr 2026 16:15:35.631;9.0811290778;Earth;Penumbra;61;2085.9729968
26 Apr 2026 17:17:26.781;26 Apr 2026 17:17:35.814;9.0334179229;Earth;Penumbra;62;2086.0197678
26 Apr 2026 17:17:35.814;26 Apr 2026 17:52:03.720;2067.9054675;Earth;Umbra;62;2086.0197678
26 Apr 2026 17:52:03.720;26 Apr 2026 17:52:12.801;9.0808823355;Earth;Penumbra;62;2086.0197678
26 Apr 2026 18:54:03.908;26 Apr 2026 18:54:12.940;9.0328644030;Earth;Penumbra;63;2076.9923782
26 Apr 2026 18:54:12.940;26 Apr 2026 19:28:40.900;2067.9595138;Earth;Umbra;63;2076.9923782
26 Apr 2026 20:30:41.019;26 Apr 2026 20:30:50.051;9.0323772049;Earth;Penumbra;64;2086.1159699
26 Apr 2026 20:30:50.051;26 Apr 2026 21:05:18.055;2068.0036263;Earth;Umbra;64;2086.1159699
26 Apr 2026 21:05:18.055;26 Apr 2026 21:05:27.135;9.0799664031;Earth;Penumbra;64;2086.1159699
26 Apr 2026 22:07:18.098;26 Apr 2026 22:07:27.129;9.0317136724;Earth;Penumbra;65;2086.1383930
26 Apr 2026 22:07:27.129;26 Apr 2026 22:41:55.157;2068.0276974;Earth;Umbra;65;2086.1383930
26 Apr 2026 22:41:55.157;26 Apr 2026 22:42:04.236;9.0789819486;Earth;Penumbra;65;2086.1383930
26 Apr 2026 23:43:55.130;26 Apr 2026 23:44:04.161;9.0307197883;Earth;Penumbra;66;2086.1511114
26 Apr 2026 23:44:04.161;27 Apr 2026 00:18:32.204;2068.0424274;Earth;Umbra;66;2086.1511114
27 Apr 2026 00:18:32.204;27 Apr 2026 00:18:41.281;9.0779641760;Earth;Penumbra;66;2086.1511114
27 Apr 2026 01:20:32.135;27 Apr 2026 01:20:41.164;9.0295995469;Earth;Penumbra;67;2086.1716872
27 Apr 2026 01:20:41.164;27 Apr 2026 01:55:09.229;2068.0649334;Earth;Umbra;67;2086.1716872
27 Apr 2026 01:55:09.229;27 Apr 2026 01:55:18.307;9.0771541698;Earth;Penumbra;67;2086.1716872
27 Apr 2026 02:57:09.191;27 Apr 2026 02:57:18.220;9.0286804712;Earth;Penumbra;68;2086.2012387
27 Apr 2026 02:57:18.220;27 Apr 2026 03:31:46.316;2068.0960516;Earth;Umbra;68;2086.2012387
27 Apr 2026 03:31:46.316;27 Apr 2026 03:31:55.392;9.0765066678;Earth;Penumbra;68;2086.2012387
27 Apr 2026 04:33:46.360;27 Apr 2026 04:33:55.388;9.0279836208;Earth;Penumbra;69;2086.2280444
27 Apr 2026 04:33:55.388;27 Apr 2026 05:08:23.513;2068.1242795;Earth;Umbra;69;2086.2280444
27 Apr 2026 05:08:23.513;27 Apr 2026 05:08:32.588;9.0757812141;Earth;Penumbra;69;2086.2280444
27 Apr 2026 06:10:23.569;27 Apr 2026 06:10:32.597;9.0272273635;Earth;Penumbra;70;2077.1735006
27 Apr 2026 06:10:32.597;27 Apr 2026 06:45:00.743;2068.1462732;Earth;Umbra;70;2077.1735006
27 Apr 2026 07:47:09.700;27 Apr 2026 08:21:37.870;2068.1699922;Earth;Umbra;71;2077.2440073
27 Apr 2026 08:21:37.870;27 Apr 2026 08:21:46.944;9.0740150423;Earth;Penumbra;71;2077.2440073
27 Apr 2026 09:23:37.643;27 Apr 2026 09:23:46.668;9.0252326801;Earth;Penumbra;72;2086.2994792
27 Apr 2026 09:23:46.668;27 Apr 2026 09:58:14.869;2068.2008712;Earth;Umbra;72;2086.2994792
27 Apr 2026 09:58:14.869;27 Apr 2026 09:58:23.942;9.0733753983;Earth;Penumbra;72;2086.2994792
27 Apr 2026 11:00:14.583;27 Apr 2026 11:00:23.608;9.0243682964;Earth;Penumbra;73;2086.3329328
27 Apr 2026 11:00:23.608;27 Apr 2026 11:34:51.843;2068.2357445;Earth;Umbra;73;2086.3329328
27 Apr 2026 11:34:51.843;27 Apr 2026 11:35:00.916;9.0728199924;Earth;Penumbra;73;2086.3329328
27 Apr 2026 12:36:51.584;27 Apr 2026 12:37:00.608;9.0236796183;Earth;Penumbra;74;2086.3652293
27 Apr 2026 12:37:00.608;27 Apr 2026 13:11:28.877;2068.2694498;Earth;Umbra;74;2086.3652293
27 Apr 2026 13:11:28.877;27 Apr 2026 13:11:37.949;9.0720998822;Earth;Penumbra;74;2086.3652293
27 Apr 2026 14:13:28.637;27 Apr 2026 14:13:37.660;9.0230330592;Earth;Penumbra;75;2086.3962151
27 Apr 2026 14:13:37.660;27 Apr 2026 14:48:05.962;2068.3018683;Earth;Umbra;75;2086.3962151
27 Apr 2026 14:48:05.962;27 Apr 2026 14:48:15.034;9.0713137644;Earth;Penumbra;75;2086.3962151
27 Apr 2026 15:50:05.711;27 Apr 2026 15:50:14.734;9.0223516105;Earth;Penumbra;76;2086.4323429
27 Apr 2026 15:50:14.734;27 Apr 2026 16:24:43.073;2068.3391971;Earth;Umbra;76;2086.4323429
27 Apr 2026 16:24:43.073;27 Apr 2026 16:24:52.144;9.0707941912;Earth;Penumbra;76;2086.4323429
27 Apr 2026 17:26:42.797;27 Apr 2026 17:26:51.819;9.0216990793;Earth;Penumbra;77;2077.4090800
27 Apr 2026 17:26:51.819;27 Apr 2026 18:01:20.206;2068.3873810;Earth;Umbra;77;2077.4090800
27 Apr 2026 19:03:19.886;27 Apr 2026 19:03:28.907;9.0211672476;Earth;Penumbra;78;2086.5321217
27 Apr 2026 19:03:28.907;27 Apr 2026 19:37:57.347;2068.4406622;Earth;Umbra;78;2086.5321217
27 Apr 2026 19:37:57.347;27 Apr 2026 19:38:06.418;9.0702922200;Earth;Penumbra;78;2086.5321217
27 Apr 2026 20:39:56.957;27 Apr 2026 20:40:05.978;9.0206838213;Earth;Penumbra;79;2086.5724862
27 Apr 2026 20:40:05.978;27 Apr 2026 21:14:34.460;2068.4821825;Earth;Umbra;79;2086.5724862
27 Apr 2026 21:14:34.460;27 Apr 2026 21:14:43.529;9.0696198866;Earth;Penumbra;79;2086.5724862
27 Apr 2026 22:16:33.994;27 Apr 2026 22:16:43.014;9.0199976577;Earth;Penumbra;80;2086.5923104
27 Apr 2026 22:16:43.014;27 Apr 2026 22:51:11.518;2068.5036836;Earth;Umbra;80;2086.5923104
27 Apr 2026 22:51:11.518;27 Apr 2026 22:51:20.587;9.0686291456;Earth;Penumbra;80;2086.5923104
27 Apr 2026 23:53:10.985;27 Apr 2026 23:53:20.004;9.0189874289;Earth;Penumbra;81;2086.6043637
27 Apr 2026 23:53:20.004;28 Apr 2026 00:27:48.521;2068.5177395;Earth;Umbra;81;2086.6043637
28 Apr 2026 00:27:48.521;28 Apr 2026 00:27:57.589;9.0676368331;Earth;Penumbra;81;2086.6043637
28 Apr 2026 01:29:47.952;28 Apr 2026 01:29:56.970;9.0178847895;Earth;Penumbra;82;2086.6254559
28 Apr 2026 01:29:56.970;28 Apr 2026 02:04:25.511;2068.5407091;Earth;Umbra;82;2086.6254559
28 Apr 2026 02:04:25.511;28 Apr 2026 02:04:34.577;9.0668620309;Earth;Penumbra;82;2086.6254559
28 Apr 2026 03:06:24.980;28 Apr 2026 03:06:33.997;9.0170024894;Earth;Penumbra;83;2086.6546885
28 Apr 2026 03:06:33.997;28 Apr 2026 03:41:02.568;2068.5714560;Earth;Umbra;83;2086.6546885
28 Apr 2026 03:41:02.568;28 Apr 2026 03:41:11.634;9.0662299306;Earth;Penumbra;83;2086.6546885
28 Apr 2026 04:43:02.120;28 Apr 2026 04:43:11.136;9.0163216693;Earth;Penumbra;84;2086.6801020
28 Apr 2026 04:43:11.136;28 Apr 2026 05:17:39.734;2068.5982809;Earth;Umbra;84;2086.6801020
28 Apr 2026 05:17:39.734;28 Apr 2026 05:17:48.800;9.0654994478;Earth;Penumbra;84;2086.6801020
28 Apr 2026 06:19:39.287;28 Apr 2026 06:19:48.302;9.0155540965;Earth;Penumbra;85;2086.6993476
28 Apr 2026 06:19:48.302;28 Apr 2026 06:54:16.922;2068.6191901;Earth;Umbra;85;2086.6993476
28 Apr 2026 06:54:16.922;28 Apr 2026 06:54:25.986;9.0646033175;Earth;Penumbra;85;2086.6993476
28 Apr 2026 07:56:16.340;28 Apr 2026 07:56:25.354;9.0145797003;Earth;Penumbra;86;2086.7210625
28 Apr 2026 07:56:25.354;28 Apr 2026 08:30:53.997;2068.6427168;Earth;Umbra;86;2086.7210625
28 Apr 2026 08:30:53.997;28 Apr 2026 08:31:03.061;9.0637659654;Earth;Penumbra;86;2086.7210625
28 Apr 2026 09:32:53.263;28 Apr 2026 09:33:02.276;9.0135760722;Earth;Penumbra;87;2086.7503132
28 Apr 2026 09:33:02.276;28 Apr 2026 10:07:30.950;2068.6735759;Earth;Umbra;87;2086.7503132
28 Apr 2026 10:07:30.950;28 Apr 2026 10:07:40.013;9.0631612111;Earth;Penumbra;87;2086.7503132
28 Apr 2026 11:09:39.182;28 Apr 2026 11:44:07.890;2068.7078866;Earth;Umbra;88;2077.7705000
28 Apr 2026 11:44:07.890;28 Apr 2026 11:44:16.952;9.0626133489;Earth;Penumbra;88;2077.7705000
28 Apr 2026 12:46:07.138;28 Apr 2026 12:46:16.150;9.0120726731;Earth;Penumbra;89;2086.8145350
28 Apr 2026 12:46:16.150;28 Apr 2026 13:20:44.891;2068.7405745;Earth;Umbra;89;2086.8145350
28 Apr 2026 13:20:44.891;28 Apr 2026 13:20:53.953;9.0618878952;Earth;Penumbra;89;2086.8145350
28 Apr 2026 14:22:44.157;28 Apr 2026 14:22:53.168;9.0114327148;Earth;Penumbra;90;2086.8448356
28 Apr 2026 14:22:53.168;28 Apr 2026 14:57:21.941;2068.7722779;Earth;Umbra;90;2086.8448356
28 Apr 2026 14:57:21.941;28 Apr 2026 14:57:31.002;9.0611250373;Earth;Penumbra;90;2086.8448356
28 Apr 2026 15:59:21.194;28 Apr 2026 15:59:30.205;9.0107594384;Earth;Penumbra;91;2086.8812318
28 Apr 2026 15:59:30.205;28 Apr 2026 16:33:59.015;2068.8098201;Earth;Umbra;91;2086.8812318
28 Apr 2026 16:33:59.015;28 Apr 2026 16:34:08.076;9.0606522979;Earth;Penumbra;91;2086.8812318
28 Apr 2026 17:35:58.243;28 Apr 2026 17:36:07.254;9.0101254522;Earth;Penumbra;92;2086.9290586
28 Apr 2026 17:36:07.254;28 Apr 2026 18:10:36.112;2068.8584723;Earth;Umbra;92;2086.9290586
28 Apr 2026 18:10:36.112;28 Apr 2026 18:10:45.172;9.0604608762;Earth;Penumbra;92;2086.9290586
28 Apr 2026 19:12:35.293;28 Apr 2026 19:12:44.303;9.0096159372;Earth;Penumbra;93;2086.9805747
28 Apr 2026 19:12:44.303;28 Apr 2026 19:47:13.214;2068.9107977;Earth;Umbra;93;2086.9805747
28 Apr 2026 19:47:13.214;28 Apr 2026 19:47:22.274;9.0601610136;Earth;Penumbra;93;2086.9805747
28 Apr 2026 20:49:12.325;28 Apr 2026 20:49:21.334;9.0091340826;Earth;Penumbra;94;2077.9587574
28 Apr 2026 20:49:21.334;28 Apr 2026 21:23:50.284;2068.9496233;Earth;Umbra;94;2077.9587574
28 Apr 2026 22:25:49.321;28 Apr 2026 22:25:58.329;9.0084243449;Earth;Penumbra;95;2087.0356051
28 Apr 2026 22:25:58.329;28 Apr 2026 23:00:27.298;2068.9687124;Earth;Umbra;95;2087.0356051
28 Apr 2026 23:00:27.298;28 Apr 2026 23:00:36.356;9.0584683931;Earth;Penumbra;95;2087.0356051
29 Apr 2026 00:02:26.269;29 Apr 2026 00:02:35.277;9.0073993430;Earth;Penumbra;96;2087.0472164
29 Apr 2026 00:02:35.277;29 Apr 2026 00:37:04.259;2068.9823130;Earth;Umbra;96;2087.0472164
29 Apr 2026 00:37:04.259;29 Apr 2026 00:37:13.317;9.0575040551;Earth;Penumbra;96;2087.0472164
29 Apr 2026 01:39:03.200;29 Apr 2026 01:39:12.207;9.0063196491;Earth;Penumbra;97;2087.0688487
29 Apr 2026 01:39:12.207;29 Apr 2026 02:13:41.212;2069.0057649;Earth;Umbra;97;2087.0688487
29 Apr 2026 02:13:41.212;29 Apr 2026 02:13:50.269;9.0567641426;Earth;Penumbra;97;2087.0688487
29 Apr 2026 03:15:49.205;29 Apr 2026 03:50:18.241;2069.0360224;Earth;Umbra;98;2078.0921689
29 Apr 2026 03:50:18.241;29 Apr 2026 03:50:27.297;9.0561465011;Earth;Penumbra;98;2078.0921689
29 Apr 2026 04:52:17.310;29 Apr 2026 04:52:26.315;9.0048065060;Earth;Penumbra;99;2087.1216336
29 Apr 2026 04:52:26.315;29 Apr 2026 05:26:55.377;2069.0614171;Earth;Umbra;99;2087.1216336
29 Apr 2026 05:26:55.377;29 Apr 2026 05:27:04.432;9.0554100461;Earth;Penumbra;99;2087.1216336
29 Apr 2026 06:28:54.435;29 Apr 2026 06:29:03.439;9.0040288749;Earth;Penumbra;100;2087.1398928
29 Apr 2026 06:29:03.439;29 Apr 2026 07:03:32.520;2069.0813450;Earth;Umbra;100;2087.1398928
29 Apr 2026 07:03:32.520;29 Apr 2026 07:03:41.574;9.0545189450;Earth;Penumbra;100;2087.1398928
29 Apr 2026 08:05:31.436;29 Apr 2026 08:05:40.439;9.0030522784;Earth;Penumbra;101;2087.1615354
29 Apr 2026 08:05:40.439;29 Apr 2026 08:40:09.544;2069.1047676;Earth;Umbra;101;2087.1615354
29 Apr 2026 08:40:09.544;29 Apr 2026 08:40:18.597;9.0537155396;Earth;Penumbra;101;2087.1615354
29 Apr 2026 09:42:08.315;29 Apr 2026 09:42:17.317;9.0020715958;Earth;Penumbra;102;2087.1908201
29 Apr 2026 09:42:17.317;29 Apr 2026 10:16:46.452;2069.1356041;Earth;Umbra;102;2087.1908201
29 Apr 2026 10:16:46.452;29 Apr 2026 10:16:55.505;9.0531444177;Earth;Penumbra;102;2087.1908201
29 Apr 2026 11:18:45.187;29 Apr 2026 11:18:54.189;9.0012694476;Earth;Penumbra;103;2087.2231698
29 Apr 2026 11:18:54.189;29 Apr 2026 11:53:23.358;2069.1693000;Earth;Umbra;103;2087.2231698
29 Apr 2026 11:53:23.358;29 Apr 2026 11:53:32.410;9.0526003274;Earth;Penumbra;103;2087.2231698
29 Apr 2026 12:55:22.125;29 Apr 2026 12:55:31.126;9.0006172308;Earth;Penumbra;104;2078.2015813
29 Apr 2026 12:55:31.126;29 Apr 2026 13:30:00.327;2069.2009641;Earth;Umbra;104;2078.2015813
29 Apr 2026 14:31:59.109;29 Apr 2026 14:32:08.109;8.9999826159;Earth;Penumbra;105;2087.2831734
29 Apr 2026 14:32:08.109;29 Apr 2026 15:06:37.341;2069.2320546;Earth;Umbra;105;2087.2831734
29 Apr 2026 15:06:37.341;29 Apr 2026 15:06:46.392;9.0511362185;Earth;Penumbra;105;2087.2831734
29 Apr 2026 16:08:36.110;29 Apr 2026 16:08:45.109;8.9993181406;Earth;Penumbra;106;2087.3199550
29 Apr 2026 16:08:45.109;29 Apr 2026 16:43:14.379;2069.2699250;Earth;Umbra;106;2087.3199550
29 Apr 2026 16:43:14.379;29 Apr 2026 16:43:23.430;9.0507118846;Earth;Penumbra;106;2087.3199550
29 Apr 2026 17:45:13.122;29 Apr 2026 17:45:22.121;8.9987055282;Earth;Penumbra;107;2087.3682454
29 Apr 2026 17:45:22.121;29 Apr 2026 18:19:51.440;2069.3189965;Earth;Umbra;107;2087.3682454
29 Apr 2026 18:19:51.440;29 Apr 2026 18:20:00.490;9.0505434084;Earth;Penumbra;107;2087.3682454
29 Apr 2026 19:21:59.132;29 Apr 2026 19:56:28.502;2069.3701708;Earth;Umbra;108;2078.4203971
29 Apr 2026 19:56:28.502;29 Apr 2026 19:56:37.552;9.0502262581;Earth;Penumbra;108;2078.4203971
29 Apr 2026 20:58:27.125;29 Apr 2026 20:58:36.123;8.9977358468;Earth;Penumbra;109;2087.4534636
29 Apr 2026 20:58:36.123;29 Apr 2026 21:33:05.529;2069.4062270;Earth;Umbra;109;2087.4534636
29 Apr 2026 21:33:05.529;29 Apr 2026 21:33:14.579;9.0495008044;Earth;Penumbra;109;2087.4534636
29 Apr 2026 22:35:04.080;29 Apr 2026 22:35:13.077;8.9970022207;Earth;Penumbra;110;2087.4685919
29 Apr 2026 22:35:13.077;29 Apr 2026 23:09:42.500;2069.4230812;Earth;Umbra;110;2087.4685919
29 Apr 2026 23:09:42.500;29 Apr 2026 23:09:51.548;9.0485084918;Earth;Penumbra;110;2087.4685919
30 Apr 2026 00:11:49.983;30 Apr 2026 00:46:19.419;2069.4364317;Earth;Umbra;111;2078.4840076
30 Apr 2026 00:46:19.419;30 Apr 2026 00:46:28.467;9.0475759003;Earth;Penumbra;111;2078.4840076
30 Apr 2026 01:48:17.882;30 Apr 2026 01:48:26.877;8.9949132409;Earth;Penumbra;112;2087.5021498
30 Apr 2026 01:48:26.877;30 Apr 2026 02:22:56.338;2069.4603657;Earth;Umbra;112;2087.5021498
30 Apr 2026 02:22:56.338;30 Apr 2026 02:23:05.384;9.0468708775;Earth;Penumbra;112;2087.5021498
30 Apr 2026 03:24:54.854;30 Apr 2026 03:25:03.849;8.9941054350;Earth;Penumbra;113;2087.5303859
30 Apr 2026 03:25:03.849;30 Apr 2026 03:59:33.339;2069.4900162;Earth;Umbra;113;2087.5303859
30 Apr 2026 03:59:33.339;30 Apr 2026 03:59:42.385;9.0462642373;Earth;Penumbra;113;2087.5303859
30 Apr 2026 05:01:31.935;30 Apr 2026 05:01:40.928;8.9934485033;Earth;Penumbra;114;2078.5074182
30 Apr 2026 05:01:40.928;30 Apr 2026 05:36:10.442;2069.5139697;Earth;Umbra;114;2078.5074182
30 Apr 2026 06:38:09.015;30 Apr 2026 06:38:18.007;8.9926589280;Earth;Penumbra;115;2087.5703245
30 Apr 2026 06:38:18.007;30 Apr 2026 07:12:47.540;2069.5330255;Earth;Umbra;115;2087.5703245
30 Apr 2026 07:12:47.540;30 Apr 2026 07:12:56.585;9.0446401387;Earth;Penumbra;115;2087.5703245
30 Apr 2026 08:14:45.965;30 Apr 2026 08:14:54.957;8.9916835888;Earth;Penumbra;116;2087.5919854
30 Apr 2026 08:14:54.957;30 Apr 2026 08:49:24.513;2069.5564292;Earth;Umbra;116;2087.5919854
30 Apr 2026 08:49:24.513;30 Apr 2026 08:49:33.557;9.0438725660;Earth;Penumbra;116;2087.5919854
30 Apr 2026 09:51:22.800;30 Apr 2026 09:51:31.791;8.9907286805;Earth;Penumbra;117;2087.6212902
30 Apr 2026 09:51:31.791;30 Apr 2026 10:26:01.378;2069.5872292;Earth;Umbra;117;2087.6212902
30 Apr 2026 10:26:01.378;30 Apr 2026 10:26:10.422;9.0433322475;Earth;Penumbra;117;2087.6212902
30 Apr 2026 11:27:59.640;30 Apr 2026 11:28:08.630;8.9899567072;Earth;Penumbra;118;2087.6530033
30 Apr 2026 11:28:08.630;30 Apr 2026 12:02:38.251;2069.6202559;Earth;Umbra;118;2087.6530033
30 Apr 2026 12:02:38.251;30 Apr 2026 12:02:47.293;9.0427906718;Earth;Penumbra;118;2087.6530033
30 Apr 2026 13:04:36.546;30 Apr 2026 13:04:45.536;8.9893214637;Earth;Penumbra;119;2087.6822899
30 Apr 2026 13:04:45.536;30 Apr 2026 13:39:15.187;2069.6509067;Earth;Umbra;119;2087.6822899
30 Apr 2026 13:39:15.187;30 Apr 2026 13:39:24.229;9.0420617606;Earth;Penumbra;119;2087.6822899
30 Apr 2026 14:41:13.495;30 Apr 2026 14:41:22.484;8.9886925067;Earth;Penumbra;120;2087.7115438
30 Apr 2026 14:41:22.484;30 Apr 2026 15:15:52.165;2069.6814939;Earth;Umbra;120;2087.7115438
30 Apr 2026 15:15:52.165;30 Apr 2026 15:16:01.206;9.0413573664;Earth;Penumbra;120;2087.7115438
30 Apr 2026 16:17:59.448;30 Apr 2026 16:18:00.000;0.5522500724;Earth;Umbra;121;0.5522500724
Maximum duration at the 120th eclipse.
